"Circo","Inscrits","Votants","Blancs","Nuls","ARTHAUD","ASSELINEAU","CHEMINADE","DUPONT-AIGNAN","FILLON","HAMON","LASSALLE","LE PEN","MACRON","MÃ‰LENCHON","POUTOU"
"01-01",82653,66652,1358,404,401,622,119,4106,13460,3712,732,16500,14403,10221,614
"01-02",93334,76590,1397,437,382,788,129,4507,15714,3625,598,19319,17395,11711,588
"01-03",75427,58738,964,328,272,812,106,2979,13888,3238,614,10700,14550,9695,592
"01-04",89279,73261,1469,589,414,570,136,4818,15749,3321,699,19428,15692,9739,637
"01-05",75216,59138,1154,481,373,820,105,3378,10993,2815,822,15508,11652,10370,667
"02-01",72292,57736,943,444,608,421,97,2859,8761,2583,466,20175,10470,9282,627
"02-02",73948,57729,1024,425,481,343,92,2773,9824,2398,399,18356,10920,10080,614
"02-03",68126,53788,1004,503,543,354,99,2625,8651,2108,443,20901,7977,7987,593
"02-04",79155,60526,980,477,532,503,109,2891,8990,2508,431,20974,10746,10755,630
"02-05",82231,65790,1096,474,600,550,139,3504,10759,2634,526,22381,11580,10855,692
"03-01",89724,71554,1478,1102,594,473,134,3525,12923,3949,904,15318,16276,14043,835
"03-02",85064,65430,1420,780,547,492,114,3061,10933,3609,1003,13736,14785,14149,801
"03-03",79158,62605,1342,674,402,518,107,3233,12643,3081,1081,14017,14683,10132,692
"04-01",61220,49935,905,386,279,457,106,2387,8346,2438,899,12815,9565,10737,615
"04-02",65358,52320,901,350,242,475,99,2473,10096,2545,822,11648,10395,11711,563
"05-01",57744,46753,791,348,234,465,66,2550,8255,2710,767,10302,10204,9528,533
"05-02",52163,42333,750,270,177,318,99,2388,8390,2399,842,8172,8744,9268,516
"06-01",80459,61014,790,382,188,636,74,1952,16070,2701,491,14144,12581,10658,347
"06-02",85688,68643,1184,345,251,693,155,3238,15531,2549,795,19995,12398,10998,511
"06-03",89098,68427,945,379,218,731,97,2588,16533,2772,572,18031,13254,11895,412
"06-04",85748,67327,1011,386,237,711,104,2939,16561,1997,730,21772,10584,9820,475
"06-05",87923,69477,948,450,184,688,82,2908,16904,2353,699,20800,12489,10591,381
"06-06",78084,62975,1125,159,138,616,100,2988,17858,1862,479,18287,11529,7510,324
"06-07",92847,75090,1166,270,183,775,131,3282,22855,2913,617,16532,16064,9857,445
"06-08",82014,63505,880,298,161,614,106,2400,20641,1774,403,16682,11025,8183,338
"06-09",79900,63398,979,239,169,603,90,2880,18082,2146,476,16897,12019,8429,389
"07-01",77905,62825,1238,513,405,705,112,2876,9196,3803,1134,15434,12951,13663,795
"07-02",93042,76526,1520,639,521,680,132,4575,14162,4346,1171,17029,17190,13646,915
"07-03",78313,63290,1143,515,391,600,132,2543,10824,3695,1276,13125,12562,15571,913
"08-01",73335,57772,903,391,495,447,108,3235,10532,2647,520,18228,10616,9044,606
"08-02",63879,47830,847,296,421,344,95,2191,6586,2599,400,15078,8439,9969,565
"08-03",57165,44701,802,261,462,289,64,2384,8155,1988,486,14272,7857,7159,522
"09-01",56738,46202,807,435,278,380,63,1517,5254,3797,1569,9129,9776,12576,621
"09-02",60671,49815,921,466,279,419,77,1854,6647,3542,1736,11135,9753,12424,562
"10-01",64362,52677,896,346,396,399,105,3569,12238,1814,386,17094,8811,6153,470
"10-02",73837,59973,982,379,394,436,94,3687,13802,2391,406,17321,11739,7867,475
"10-03",65648,52246,867,358,317,482,90,2979,11082,2340,367,14431,10015,8476,442
"11-01",95122,77432,1365,677,441,516,117,2851,10702,4965,1509,21872,15334,16170,913
"11-02",88881,69630,1177,586,370,590,108,2617,10779,3793,1149,20242,13087,14396,736
"11-03",88721,73094,1306,692,384,677,123,2797,10799,4856,1984,18470,14591,15557,858
"12-01",76599,64334,1183,578,344,432,120,3182,15100,3721,2137,9304,16796,10735,702
"12-02",69955,57616,1160,657,381,464,89,2574,10010,3658,1930,8827,14834,12306,726
"12-03",71888,59948,1202,656,381,408,104,2798,11554,3499,2394,10457,13953,11648,894
"13-01",78383,60910,891,343,186,516,81,2344,12708,2377,486,17682,11297,11609,390
"13-02",78743,63057,706,196,144,499,87,1860,20146,2990,488,10973,14701,9930,337
"13-03",73470,53986,734,312,172,607,79,1725,8450,2208,390,16415,9655,12898,341
"13-04",59654,41604,548,205,194,510,79,672,4428,3544,270,5867,8908,15969,410
"13-05",69043,53192,684,282,195,465,85,1561,10556,3637,455,10235,11530,13093,414
"13-06",75634,57664,790,291,190,443,78,2027,13027,2525,415,14597,11664,11256,361
"13-07",65369,42492,604,236,248,539,93,837,3201,2136,230,10864,7068,16092,344
"13-08",99987,80128,1349,511,340,779,139,3942,15434,3188,868,23403,14961,14574,640
"13-09",96939,77484,1266,446,275,662,127,3136,16757,2852,772,21236,13565,15822,568
"13-10",106026,87276,1432,466,304,654,134,3768,16495,3349,876,26436,16373,16397,592
"13-11",90215,71286,1051,321,206,546,111,2718,17033,3087,626,16081,15900,13139,467
"13-12",92147,72761,1403,307,280,598,109,3141,11787,2404,682,26497,11439,13587,527
"13-13",93715,73874,1280,582,451,712,115,2873,8443,2709,742,23130,10618,21520,699
"13-14",97727,78769,1166,411,227,696,137,2874,18920,4194,698,14655,19111,15129,551
"13-15",104767,86178,1438,599,375,641,160,4140,18810,3205,1136,25597,15092,14304,681
"13-16",90577,71587,1212,487,327,551,126,2829,11272,3159,906,22729,11430,15875,684
"14-01",70096,58020,840,311,346,362,82,2178,11483,5342,317,7161,16648,12282,668
"14-02",67569,54351,821,409,436,373,91,2138,7604,4765,341,9189,14119,13307,758
"14-03",78941,63646,1060,471,600,479,102,3494,12254,3432,519,16535,12706,11097,897
"14-04",101077,82259,1095,520,547,573,136,3897,20937,4203,607,16753,18909,13157,925
"14-05",89928,74453,1148,522,467,464,123,3840,16024,4695,546,15021,18731,12024,848
"14-06",93542,78111,1328,693,703,579,157,4532,14038,4856,581,17111,18607,13753,1173
"15-01",63016,51202,1152,586,350,311,92,2131,10664,2874,1318,8532,14291,8301,600
"15-02",54409,43456,961,393,342,216,106,1916,10925,1936,1522,8103,10192,6265,579
"16-01",84955,65070,1077,568,425,569,131,2643,10215,4898,828,11384,17427,14148,757
"16-02",84019,66632,1181,668,526,473,156,3512,12442,3603,1029,14850,15514,11820,858
"16-03",90980,73272,1478,989,700,498,163,3853,11087,4068,1228,16364,16948,14787,1109
"17-01",103263,81171,1189,396,378,624,134,2947,17634,5954,843,10383,23118,16783,788
"17-02",104381,83762,1570,598,561,617,137,4435,14520,5052,1144,16379,20357,17226,1166
"17-03",82251,65128,1190,664,534,541,133,3589,11628,3805,888,14216,14388,12669,883
"17-04",89934,72053,1299,615,538,567,133,4198,14787,3243,1189,18011,14995,11514,964
"17-05",111545,89906,1588,643,565,671,156,5180,20120,3979,1218,21833,18534,14342,1077
"18-01",72597,56523,1265,373,467,475,113,2934,12129,3013,594,11979,12659,9846,676
"18-02",70195,53656,1204,419,540,446,87,2637,8570,2695,510,12701,11445,11765,637
"18-03",86222,67894,1527,602,623,558,145,3983,12267,3449,821,17073,13971,12082,793
"19-01",92693,76425,1792,1019,553,520,184,3532,11967,4793,2386,12448,19440,16492,1299
"19-02",92584,74553,1635,918,498,574,145,3517,13460,4470,1867,12805,19778,13866,1020
"21-01",68424,56085,813,235,258,499,84,2286,14018,3871,403,7687,15517,9992,422
"21-02",68736,55374,1004,312,297,450,94,2754,10810,3428,440,11842,13249,10165,529
"21-03",70355,56394,1028,341,329,505,102,2934,9149,3650,413,12789,13312,11346,496
"21-04",68753,55860,1057,399,481,457,106,3199,11400,2731,654,14391,11012,9278,695
"21-05",84386,68267,1232,434,430,546,123,3807,15247,3130,725,17493,14346,10078,676
"22-01",89797,74412,1233,534,499,476,124,2768,12132,6771,536,10397,22472,15489,981
"22-02",96816,82742,1361,612,629,551,139,3603,17420,6179,720,13994,21777,14729,1028
"22-03",86758,74309,1323,684,621,472,120,3694,13897,5113,656,13764,20080,12844,1041
"22-04",78648,66123,1142,599,677,400,114,2633,9113,5957,764,11226,16855,15373,1270
"22-05",103941,86754,1303,580,602,580,124,3260,16354,8240,878,12322,23785,17578,1148
"23-01",93113,73196,1950,995,684,580,174,3521,12637,5494,1352,13966,15807,14827,1209
"24-01",76207,61235,1156,628,364,503,105,2593,9410,3997,1204,11980,13597,14868,830
"24-02",82465,66306,1128,625,385,547,131,3003,11345,3610,1730,15374,14184,13364,880
"24-03",67497,56140,1334,716,430,401,116,2623,9653,3293,1315,11660,11625,12127,847
"24-04",87851,72819,1429,774,447,677,138,3205,12102,4883,1801,13030,16539,16773,1021
"25-01",75233,59287,1046,374,370,560,92,2618,10767,4182,427,11514,14415,12293,629
"25-02",78335,63004,1180,387,379,592,143,2679,12953,4255,503,11213,15473,12551,696
"25-03",65897,51615,1186,424,413,561,77,2665,10344,2439,467,14136,10096,8123,684
"25-04",66908,51217,1045,461,508,650,85,2557,7912,2745,429,15651,9669,8881,624
"25-05",82028,67079,1350,570,381,766,133,4214,17953,2697,706,14121,14301,8955,932
"26-01",75247,58782,1033,465,331,635,84,2692,11526,3942,553,11222,13978,11716,605
"26-02",93273,73412,1365,546,416,729,132,3912,12826,3522,915,20262,14825,13238,724
"26-03",106778,88172,1627,561,541,871,164,4171,15557,5671,1520,18229,18613,19543,1104
"26-04",94191,75910,1442,497,908,753,153,4222,13494,4250,880,19283,15798,13489,741
"27-01",86358,68871,1137,508,536,605,113,3882,13514,3232,536,19642,13361,11098,707
"27-02",78432,64229,1154,464,524,481,125,3442,12004,3202,454,18044,12856,10721,758
"27-03",84440,69339,1202,538,550,520,120,4039,13552,3056,553,20409,12812,11165,823
"27-04",89885,71872,1325,518,498,648,111,4054,11315,3931,488,19771,14352,13989,872
"27-05",88418,71004,1188,506,525,673,133,3679,13051,3578,571,20851,13605,11871,773
"28-01",89168,72251,1343,416,442,750,126,4112,15916,4184,587,14190,17714,11776,695
"28-02",74281,57111,1027,404,400,633,107,3098,11122,3114,408,14728,11048,10457,565
"28-03",70797,56522,1085,413,465,437,112,3391,11909,2817,465,14345,11946,8486,651
"28-04",67220,55108,1078,447,510,433,109,3502,12328,2202,482,15623,10330,7316,748
"29-01",88758,74501,1072,497,437,493,103,2917,13519,7850,681,8759,23862,13285,1026
"29-02",78509,61037,1251,37,279,424,85,2058,9703,8027,408,7504,17565,13015,681
"29-03",89479,74426,1398,286,459,529,99,3373,13184,8275,750,10549,21014,13609,901
"29-04",82219,68467,1056,417,463,382,127,2449,12675,7320,749,8422,19452,13985,970
"29-05",94400,79781,1238,467,463,408,123,3491,15141,8477,771,10734,23568,13909,991
"29-06",89304,74124,1127,499,533,509,108,3094,12645,7622,1039,10802,20195,14586,1365
"29-07",80529,66318,1088,514,486,404,101,2600,11489,6353,878,8979,19237,13167,1022
"29-08",87372,71280,1222,581,518,548,111,2755,11609,6857,916,11617,19201,14051,1294
"2A-01",50859,35144,573,398,89,226,51,998,8114,1339,2006,9724,6601,4716,309
"2A-02",57922,39879,635,550,129,259,66,1220,10600,1207,1942,11133,6421,5369,348
"2B-01",58794,40347,634,498,132,237,173,1083,9790,1577,1972,11172,7111,5626,342
"2B-02",66068,43621,872,456,145,245,62,1161,10894,1657,2847,11011,8395,5495,381
"30-01",86922,66688,1085,429,288,725,96,2569,11849,3074,696,18755,12432,14155,535
"30-02",89059,72984,1186,535,293,614,110,3243,12836,2898,918,23899,12445,13425,582
"30-03",93671,76332,1233,485,387,782,126,3528,14034,3602,1070,21892,14669,13836,688
"30-04",91115,73678,1232,552,410,672,116,3110,10895,3305,1146,22123,12969,16404,744
"30-05",95968,77508,1329,557,443,726,122,2815,10887,4150,1363,20056,14041,20072,947
"30-06",81204,63472,967,390,271,577,103,2543,11865,3444,753,16548,12450,13013,548
"31-01",83659,64791,827,397,234,564,108,1944,10411,6148,963,7106,18400,17061,628
"31-02",101370,80117,1095,519,328,685,128,2932,13530,6681,1220,11095,21641,19536,727
"31-03",79396,64386,876,248,207,471,102,1913,15871,5333,861,6377,18467,13189,471
"31-04",71190,52174,699,244,187,474,90,1224,8590,5611,597,4689,13685,15570,514
"31-05",98451,83070,1509,623,407,686,156,4115,12536,5299,1600,18274,19367,17652,846
"31-06",111612,93783,1384,747,411,754,162,3932,13630,7298,1562,15952,26580,20529,842
"31-07",99799,82824,1480,640,441,626,149,3627,11505,6089,1738,18857,18566,18256,850
"31-08",85552,68677,1244,726,371,526,125,2706,9726,5025,3184,15719,14213,14319,793
"31-09",80368,62324,925,408,281,563,123,2036,8618,5918,984,9246,15729,16819,674
"31-10",95256,83212,1350,546,300,609,146,3376,14139,6748,1729,12790,23373,17346,760
"32-01",73499,61848,1125,546,344,537,92,2606,10108,5103,2631,11204,14525,12388,639
"32-02",71460,60084,1041,537,333,500,96,2772,11204,4424,2428,12183,13250,10701,615
"33-01",95058,74906,970,343,233,666,115,2115,18270,5888,985,7117,23142,14176,886
"33-02",65979,51388,606,213,116,404,65,1030,10619,5664,564,3035,16118,12344,610
"33-03",80997,62407,922,347,244,598,122,1922,7349,6549,1025,6935,17346,18090,958
"33-04",93636,71151,1148,479,395,720,136,2958,8480,5774,1172,13794,17129,17714,1252
"33-05",110593,89627,1483,649,467,642,126,4239,13132,5383,1761,21123,20493,18330,1799
"33-06",103656,84280,1267,502,324,686,139,3591,13455,6930,1266,11566,25626,17740,1188
"33-07",77005,62208,1023,365,227,489,106,2436,9460,5664,1044,7160,19183,14216,835
"33-08",109207,88205,1394,537,351,673,174,4103,21225,4424,1887,16288,21292,14730,1127
"33-09",93615,77774,1446,600,468,631,155,3498,11300,5461,2018,15675,18117,17212,1193
"33-10",80818,65081,1089,480,294,460,127,2858,11309,3858,1423,16011,14164,12023,985
"33-11",92975,74158,1356,620,502,555,140,3806,9570,4074,1497,22219,14009,14479,1331
"33-12",83429,69195,1200,526,359,521,122,2974,11114,4631,1817,14396,15663,14803,1069
"34-01",84607,66922,1067,360,215,727,94,2316,12502,3779,726,14499,14964,15177,496
"34-02",60414,44262,626,224,152,502,64,885,6899,4122,297,4766,10671,14634,420
"34-03",85109,70784,1108,408,202,692,94,2655,14410,4585,763,13168,17397,14758,544
"34-04",111930,92999,1508,586,402,913,113,3718,14931,5208,1429,22871,18812,21625,883
"34-05",94275,76871,1295,601,411,651,124,2977,10940,4192,1588,22279,13126,17772,915
"34-06",91224,71229,1093,442,285,504,97,2592,12705,3016,1052,23726,11855,13329,533
"34-07",102086,81569,1286,585,362,589,111,3092,14921,3542,1004,25587,13548,16225,717
"34-08",88586,70744,1080,484,261,686,110,2651,10960,4117,841,17996,14417,16527,614
"34-09",82111,65644,986,441,206,655,87,2273,12071,3619,761,16227,13831,13949,538
"35-01",89581,73262,1046,384,443,505,130,2637,10924,8344,416,7177,24084,16437,735
"35-02",92235,78994,1110,376,417,460,134,2592,14902,8171,497,7035,27141,15418,741
"35-03",86076,73055,1318,543,559,465,123,3356,12119,6177,584,11419,21186,14322,884
"35-04",90205,76458,1369,518,621,526,147,4099,12147,5969,637,14125,20115,15081,1104
"35-05",103147,88489,1641,745,779,568,143,4969,18529,5810,671,13241,25376,14932,1085
"35-06",86855,73666,1421,686,677,487,137,3986,14412,5067,680,13670,19182,12272,989
"35-07",98661,80624,1196,552,537,547,106,3276,19373,5419,657,12755,21956,13389,861
"35-08",83382,68874,877,305,305,435,101,1907,11628,8461,389,5224,22333,16243,666
"36-01",80311,62320,1324,605,586,512,132,3148,11906,3505,751,14195,13064,11821,771
"36-02",90098,73178,1757,878,804,586,166,4029,13570,4281,977,17790,14237,13117,986
"37-01",68655,51842,707,292,286,409,92,1761,11206,4681,350,5627,13829,12101,501
"37-02",88635,73946,1337,599,526,607,151,4392,14549,4455,606,15414,17026,13385,899
"37-03",97490,80300,1541,655,659,596,167,4558,16166,4950,712,15345,19218,14809,924
"37-04",90174,73472,1432,579,665,489,123,3850,14491,4870,690,14388,16953,14051,891
"37-05",83917,69140,1193,460,470,519,146,3891,15784,3942,571,13748,16139,11585,692
"38-01",83137,66652,875,373,214,487,91,1786,15716,5768,400,5838,21303,13382,419
"38-02",77384,59589,977,296,329,609,97,2354,8003,4233,526,11443,15053,15055,614
"38-03",59637,44885,656,236,238,448,68,1618,5620,4096,280,6892,11727,12529,477
"38-04",89807,71971,1233,380,394,664,127,3461,12324,4840,780,14294,17762,14974,738
"38-05",102312,82579,1385,450,413,812,136,4029,13002,6022,809,15746,21522,17403,850
"38-06",83238,65792,1235,519,351,711,111,4037,11094,2888,602,19982,13358,10333,571
"38-07",91433,73857,1567,611,455,683,136,4553,12004,3471,950,21150,14929,12570,778
"38-08",78602,62581,1148,425,320,610,95,3589,10961,3325,618,16113,14063,10749,565
"38-09",97318,77697,1598,520,453,699,152,4135,13106,5120,877,16265,18883,15143,746
"38-10",93640,73231,1356,487,428,835,127,4211,11095,3889,695,20185,15489,13809,625
"39-01",65565,53023,1194,360,388,436,97,2875,9505,2709,665,11901,11509,10765,619
"39-02",55264,44525,923,312,333,458,100,2750,8951,2120,675,9872,9042,8315,674
"39-03",69503,56260,1051,399,427,436,88,2908,9917,2760,654,14337,11345,11251,687
"40-01",101405,82387,1602,642,448,643,138,3981,13487,6927,2831,15757,19390,15591,950
"40-02",112245,91571,1694,529,400,710,123,3676,16712,6843,3714,14521,22934,18739,976
"40-03",96547,80828,1551,777,390,566,112,3367,12288,7788,3945,14699,18749,15646,950
"41-01",82778,65549,1151,454,457,526,111,3714,13124,4584,529,13867,14998,11326,708
"41-02",80317,65289,1284,511,502,456,154,3930,13957,2912,650,17968,12471,9776,718
"41-03",82226,68158,1257,601,583,534,139,4002,15675,3460,664,16827,13170,10474,772
"42-01",65602,49553,867,294,266,471,76,2141,8286,3638,466,9713,11854,10974,507
"42-02",53156,39147,570,217,231,422,66,1469,6963,3141,298,6468,9637,9265,400
"42-03",82438,63862,1331,310,345,609,97,3859,11030,3552,693,15352,14499,11572,613
"42-04",100992,80492,1587,554,521,664,138,4586,12866,4195,999,21153,17033,15329,867
"42-05",101076,81828,1750,671,579,622,136,4824,15471,4083,1177,20020,18247,13394,854
"42-06",107542,87089,1736,717,605,695,154,5810,17232,4089,1408,21516,19407,12854,866
"43-01",97723,80006,1839,715,589,586,160,4891,13773,4021,1480,19319,17985,13591,1057
"43-02",79435,64277,1485,670,454,464,122,3455,12183,3414,1632,12866,14834,11827,871
"44-01",74879,61436,898,132,190,402,96,1820,14432,5729,337,4523,19814,12527,536
"44-02",85800,70574,858,292,236,575,82,1610,14843,7727,353,4375,21370,17650,603
"44-03",92183,74606,1434,305,372,610,114,2683,10837,7532,422,8566,21577,19322,832
"44-04",88921,73652,1250,420,424,549,114,2818,10504,7223,441,8107,22057,18873,872
"44-05",116188,99582,1816,538,485,735,170,4577,18647,7772,709,11641,31292,20124,1076
"44-06",109489,92204,1980,804,740,681,174,4956,17759,5812,830,17491,21880,17692,1405
"44-07",108216,91164,1557,503,512,723,154,4174,23130,4880,723,14268,23445,15952,1143
"44-08",85491,68601,1112,416,578,500,104,2872,8775,5703,526,10998,18364,17777,876
"44-09",117855,99687,1849,731,687,681,178,5665,20437,5988,927,17873,23907,19550,1214
"44-10",114516,99431,1878,707,561,673,168,5371,20339,6774,761,13352,28896,18890,1061
"45-01",75641,61445,988,367,331,489,109,3127,14099,4120,461,9476,17390,9972,516
"45-02",85239,67856,1195,486,441,567,127,3685,13947,4331,571,13807,16504,11473,722
"45-03",70843,58047,1132,443,397,544,116,3894,12062,2796,618,15189,11917,8316,623
"45-04",74602,58877,1056,510,418,537,123,3614,11986,2477,560,17171,10864,8992,569
"45-05",74498,59734,1081,461,460,513,127,3761,11424,2863,553,16442,11864,9484,701
"45-06",71784,58674,945,397,333,459,100,3047,12137,3851,440,11577,14967,9897,524
"46-01",70862,58909,931,620,329,446,129,2410,9515,4165,1446,9871,14751,13519,777
"46-02",65443,55091,983,681,394,425,97,2140,8944,3785,1627,7993,14776,12495,751
"47-01",88218,71182,1310,550,346,608,102,3239,12860,4049,2255,16677,15239,13192,755
"47-02",77018,62144,1185,583,357,495,118,3058,10969,3314,2037,16017,11934,11330,747
"47-03",75695,60800,1165,511,341,557,107,3110,10999,3276,1791,14577,12080,11496,790
"48-01",59508,49559,854,558,294,354,93,2197,10986,2733,1764,9097,10463,9483,683
"49-01",83953,68496,1209,464,437,519,98,2987,16527,5176,445,8798,18757,12372,707
"49-02",90343,74359,1579,481,599,533,124,3484,15832,5537,537,10020,20630,14139,864
"49-03",70395,58144,1228,497,551,352,113,3380,13322,2947,460,13908,11447,9172,767
"49-04",74248,61790,1269,517,497,408,114,3601,14931,3270,503,13192,13776,8913,799
"49-05",77305,63809,1249,472,538,525,97,3638,15110,3506,448,8973,18788,9687,778
"49-06",95358,80469,1946,702,745,611,142,4862,18260,4873,656,12805,20990,12857,1020
"49-07",77823,65320,1289,529,493,491,115,3369,14906,4244,434,10239,17297,11153,761
"50-01",87002,71261,1345,542,617,431,125,3991,15182,4158,497,15127,17368,10952,926
"50-02",95573,78437,1428,699,737,544,146,4934,19636,4180,699,14456,18477,11428,1073
"50-03",107881,88755,1675,621,722,593,198,4870,18966,5077,767,18947,20819,14305,1195
"50-04",88648,70449,1191,423,519,482,154,3307,11208,5862,561,13206,18134,14450,952
"51-01",72050,55826,799,297,408,480,102,2811,11409,3140,348,13040,12971,9523,498
"51-02",73074,56980,816,356,375,475,88,2840,13114,3059,423,12664,13337,8938,495
"51-03",80714,63037,1068,326,462,564,116,3712,13922,2652,536,18081,11887,9085,626
"51-04",78830,61702,1044,419,462,493,109,3555,12579,2918,516,17091,12319,9621,576
"51-05",77025,62887,1040,498,469,429,110,3978,14056,1914,528,21597,10444,7257,567
"52-01",72475,57474,1155,471,498,420,117,3477,11362,2598,682,15739,11274,8958,723
"52-02",61673,47905,965,348,428,393,81,2940,8228,1694,444,18288,7164,6422,510
"53-01",72670,60368,1203,465,501,399,94,2921,14977,3620,415,9436,16164,9488,685
"53-02",77756,65352,1510,541,471,430,107,3489,18354,3496,533,10075,16522,9062,762
"53-03",71899,60213,1398,584,655,353,128,3697,15441,3131,577,10954,14252,8248,795
"54-01",79265,63046,948,335,357,575,122,2852,12252,5039,453,10481,16123,12849,660
"54-02",68590,54065,750,264,275,534,113,2126,11477,4284,370,7970,15409,10013,480
"54-03",82832,60951,1076,381,521,534,108,2640,7647,3113,465,15710,12152,15754,850
"54-04",98018,78368,1458,488,741,640,120,4404,12484,4008,794,24399,14659,13228,945
"54-05",78690,63928,1097,416,528,601,144,3841,10276,3576,596,19544,12221,10342,746
"54-06",87696,68138,1140,477,526,574,126,3468,8518,3606,558,20090,13139,15114,802
"55-01",77365,62394,1092,488,491,541,126,4000,10675,2865,766,19725,11690,9094,841
"55-02",60269,47385,815,339,395,315,111,2802,8612,2053,528,14877,9023,6926,589
"56-01",105402,88673,1396,406,416,570,168,3637,22572,6394,714,11225,27188,13148,839
"56-02",104343,87541,1422,683,524,631,147,4036,19093,6522,955,14430,22842,15123,1133
"56-03",90733,77400,1390,737,625,511,149,4027,14349,4718,874,16000,20363,12474,1183
"56-04",105130,88816,1787,639,718,592,172,4652,17886,5436,820,18351,21685,14859,1219
"56-05",80730,63381,1167,363,411,436,107,2369,11611,5694,512,9180,18581,12229,721
"56-06",90674,75088,1356,718,597,509,158,3690,12389,5604,945,13741,19980,14187,1214
"57-01",91406,69768,1316,359,547,692,111,3058,11070,4043,494,17667,15685,13990,736
"57-02",76507,59115,1033,333,359,608,125,3157,11833,3456,479,13318,13997,9867,550
"57-03",75312,57552,876,319,334,532,110,2873,10746,3673,467,12845,14170,9986,621
"57-04",81516,65655,1294,387,672,623,146,4994,12508,2582,845,21566,11131,8124,783
"57-05",74010,57338,1220,445,593,588,132,3949,10176,2296,1028,18203,10347,7551,810
"57-06",70169,50516,967,336,469,574,110,2840,7085,2302,488,16574,8312,9799,660
"57-07",90402,69928,1422,395,704,701,145,4367,10585,3239,707,22883,12315,11547,918
"57-08",92473,66462,1405,395,597,831,115,2862,7377,3913,504,18229,12995,16261,978
"57-09",99476,77436,1613,429,654,828,173,4425,14623,3976,751,17267,18786,12992,919
"58-01",76928,58259,1335,362,429,445,114,2920,9389,3696,584,13637,13219,11446,683
"58-02",82498,65699,1198,649,573,513,120,3523,11382,4156,779,16178,14135,11631,862
"59-01",61682,45487,602,305,285,474,69,1243,6043,4649,208,6894,10702,13556,457
"59-02",86550,66304,1056,419,411,719,111,2280,8738,5828,351,11678,15483,18592,638
"59-03",94050,69250,1182,529,640,558,101,3213,9486,3176,488,24608,10739,13854,676
"59-04",99215,78576,1167,493,438,553,155,3485,18249,4927,449,13634,20464,13928,634
"59-05",99888,80993,1576,490,559,605,157,4404,13364,4611,457,21834,17140,15103,693
"59-06",89060,74761,1194,428,451,493,108,4010,17385,3803,483,16583,17764,11560,499
"59-07",72350,56043,913,374,301,546,98,2503,12013,3168,264,11021,12590,11805,447
"59-08",67704,45538,818,394,352,619,75,1559,4834,2975,217,11074,9047,13122,452
"59-09",91893,69878,887,335,305,556,99,2416,20736,4330,377,9493,17196,12619,529
"59-10",81911,59179,1029,402,408,575,87,2925,10441,3032,374,15515,11436,12364,591
"59-11",92042,69871,1071,473,510,576,124,3131,11516,5326,419,15402,15082,15554,687
"59-12",93593,72524,1290,579,672,476,114,3961,10910,2910,533,25451,11237,13741,650
"59-13",89193,67296,1628,512,729,709,117,3124,7009,3740,435,21483,10873,16051,886
"59-14",98767,80458,1523,658,721,561,153,4770,13785,3545,715,25531,14282,13291,923
"59-15",95832,78487,1386,669,737,513,122,4522,14615,3588,639,22788,14747,13247,914
"59-16",82976,63553,1199,505,650,412,111,2634,5747,2997,374,22920,9238,16138,628
"59-17",73591,56797,1004,416,432,457,104,2562,7925,2838,327,18212,9685,12300,535
"59-18",91651,70785,1358,423,702,562,130,4309,11665,2843,441,24584,11721,11401,646
"59-19",79065,60741,1060,437,585,460,87,2481,5726,2935,300,23318,8731,14078,543
"59-20",81085,59254,1033,503,587,443,110,2816,6525,2538,319,21696,9102,12987,595
"59-21",82570,61820,1084,388,500,583,106,2897,9998,2772,365,18311,11464,12824,528
"60-01",83057,66236,1211,540,665,542,117,3462,10227,2952,508,22370,12260,10558,824
"60-02",88723,72046,1290,518,681,565,140,4181,12279,2945,586,24588,12630,10866,777
"60-03",73830,57369,1067,486,456,890,106,2945,7373,3028,404,16511,10476,13010,617
"60-04",92482,75001,1168,353,368,803,123,3880,18532,3229,609,18405,16260,10701,570
"60-05",72727,57679,1034,336,458,592,93,3088,9613,2787,452,16875,11802,9940,609
"60-06",75206,60269,1080,363,540,531,116,3100,10895,2568,434,17998,11809,10214,621
"60-07",76060,60231,1190,402,509,743,132,3280,7864,3025,421,18429,11445,12126,665
"61-01",69542,56906,1101,393,477,346,112,3091,13868,3177,503,11988,12806,8317,727
"61-02",67550,54969,943,340,453,418,115,3132,14621,2285,488,14441,10022,7069,642
"61-03",71642,58519,1132,428,583,527,123,3421,12595,3197,489,13103,12987,9156,778
"62-01",104255,86888,1636,711,842,592,145,4806,15515,3571,688,29692,15177,12604,909
"62-02",85270,69313,1226,578,612,500,122,3470,12082,4317,533,16303,16214,12648,708
"62-03",85594,62747,1137,594,716,501,105,2292,4690,3410,316,24370,8664,15277,675
"62-04",88511,71852,1359,633,665,391,99,3731,15480,2881,505,19005,16375,9989,739
"62-05",89795,69276,1012,606,681,361,129,3118,10357,3902,479,19552,14247,14078,754
"62-06",91172,76250,1372,702,725,394,145,4548,13240,3616,616,24616,13628,11896,752
"62-07",93184,70571,1242,671,632,505,117,3614,9183,3294,473,24632,11790,13719,699
"62-08",92986,73568,1241,732,945,402,129,3625,10146,3604,566,23579,14360,13464,775
"62-09",79203,63374,1139,572,572,392,104,3409,10103,3107,454,19587,12064,11287,584
"62-10",90289,68183,1249,656,784,407,114,2898,6569,3759,404,26364,10113,14069,797
"62-11",94861,71295,1286,655,665,603,92,2780,5698,3682,391,28556,10088,16039,760
"62-12",95248,72857,1452,561,828,436,107,3136,6014,3941,407,29891,10962,14272,850
"63-01",83422,63459,1238,535,405,578,130,2306,8837,5292,792,9538,18118,14961,729
"63-02",87847,71103,1509,715,587,550,141,3340,10949,4843,1515,13625,17512,14781,1036
"63-03",89014,71461,1323,552,413,471,164,2742,14979,5361,1412,8812,20907,13551,774
"63-04",98579,79589,1737,595,598,599,181,3526,11559,5617,1532,13259,21289,18008,1089
"63-05",102077,82002,1944,889,696,712,139,3731,12108,4701,2097,17796,18971,17116,1102
"64-01",68721,54828,923,368,198,417,71,2115,9026,4517,2208,7528,15837,11042,578
"64-02",80056,65853,1031,446,244,449,82,2657,10869,4752,3549,9984,18992,12131,667
"64-03",82776,67411,1162,531,334,460,75,2653,9123,5441,5391,10962,16752,13684,843
"64-04",80215,65443,1142,412,389,363,92,2161,9959,4654,10290,7535,14272,12527,1647
"64-05",90986,72547,1160,434,268,616,86,2575,14081,5701,3514,9515,18681,14900,1016
"64-06",99624,78939,1267,492,366,477,102,2566,18800,5524,4930,8852,19424,14519,1620
"65-01",88184,70395,1188,661,370,489,90,2827,9146,5191,3322,12280,17681,16332,818
"65-02",89314,72860,1232,633,396,534,110,3041,11079,4735,3606,13650,17321,15763,760
"66-01",70971,54354,833,429,272,468,100,1937,9749,2746,718,14811,10380,11380,531
"66-02",96684,76755,1240,721,406,582,125,2776,12921,3045,1222,25581,12954,14390,792
"66-03",83066,65248,1092,740,343,572,109,2255,10633,3773,1252,17473,11743,14425,838
"66-04",97193,77573,1398,690,456,681,119,2773,12562,3891,1442,22304,14168,16197,892
"67-01",60939,47976,513,224,186,596,61,1098,10100,4631,286,4602,13528,11723,428
"67-02",69497,53828,676,339,311,679,103,1990,9687,4710,450,8284,14019,12061,519
"67-03",68848,52744,734,310,296,734,87,2251,10471,3852,416,8704,13129,11281,479
"67-04",94497,77370,1130,457,419,747,132,4713,19294,3828,681,16195,19073,10101,600
"67-05",104112,83894,1615,732,786,922,171,6239,17208,3567,1003,22978,16831,10807,1035
"67-06",96016,77459,1329,616,651,773,198,5579,17062,3363,984,20688,15743,9626,847
"67-07",85419,69311,1149,692,752,778,144,5595,14343,2470,946,21499,12568,7557,818
"67-08",94578,75710,1481,694,885,784,154,6345,16151,2479,881,24218,13435,7156,1047
"67-09",92642,73903,1169,549,559,824,156,5443,17179,3053,772,20427,14928,8064,780
"68-01",76090,59601,1237,392,477,812,148,3708,12697,2944,675,15018,12663,8158,672
"68-02",92204,74865,1489,594,598,852,176,5433,16269,3370,1145,19220,14668,10154,897
"68-03",85594,68990,1441,504,486,766,178,5540,18225,2426,853,18098,12058,7690,725
"68-04",102534,82594,1821,680,697,1028,195,6282,15033,3334,989,25916,14107,11434,1078
"68-05",77394,58622,1509,179,349,786,129,3176,13851,3330,604,11931,13012,9227,539
"68-06",92373,71122,1576,462,494,973,184,4423,14162,3290,738,19521,13290,11193,816
"69-01",69433,54933,0,969,236,552,108,1753,10825,4644,386,6190,16094,12709,467
"69-02",74940,60516,0,864,190,455,85,1212,13886,5887,322,4116,17625,15388,486
"69-03",72007,57893,0,953,221,578,102,1545,11420,5784,345,5129,17266,14070,480
"69-04",80092,64931,0,964,194,553,103,1687,18634,5100,369,5349,20099,11467,412
"69-05",88108,70003,921,275,211,580,83,2624,22233,3797,432,9103,19505,9823,416
"69-06",82377,60860,910,321,347,717,101,2052,9893,5459,368,7813,16538,15791,550
"69-07",67959,47413,653,293,248,662,77,1733,7816,3484,296,8095,11268,12340,448
"69-08",102599,82892,1401,486,423,746,137,4816,22117,3929,770,16314,19402,11726,625
"69-09",91672,73441,1299,449,323,710,109,4196,17448,3609,714,17236,16193,10508,647
"69-10",95229,78481,1155,428,304,710,128,4891,20760,4079,696,13590,20249,10956,535
"69-11",92433,74074,1365,388,375,730,119,3997,14104,3723,699,16922,17628,13423,601
"69-12",79772,63753,922,245,311,567,96,2679,17057,3950,466,8688,17637,10703,432
"69-13",84726,66045,1067,338,261,781,104,3351,13551,3297,475,15408,15715,11198,499
"69-14",74321,51294,950,429,420,846,92,1890,5907,3371,364,10532,10932,15009,552
"70-01",88490,71792,1420,865,613,583,138,4343,13661,3157,727,20688,14097,10533,967
"70-02",90724,72446,1400,1031,712,623,129,3833,11523,3439,785,23065,13235,11617,1054
"71-01",72884,57704,1192,381,313,529,99,3459,11973,3761,570,11457,13572,9843,555
"71-02",78438,63017,1420,644,490,432,107,4386,12923,3180,750,14255,13368,10384,678
"71-03",82777,65159,1372,584,444,477,103,3598,12266,4007,593,16088,14248,10623,756
"71-04",82320,65003,1444,686,475,536,98,4165,11181,3552,656,17670,12710,11060,770
"71-05",89999,68780,1416,575,479,561,102,3353,11757,4684,584,15787,15314,13339,829
"72-01",71726,59534,1273,302,363,361,107,2331,17468,3474,364,10205,12710,9966,610
"72-02",81903,65446,1632,274,461,447,114,2523,15358,3881,373,13390,13421,12870,702
"72-03",85273,70320,1415,631,660,444,114,3108,19353,3217,541,16409,12086,11521,821
"72-04",79619,65766,1379,468,447,374,109,2550,20089,3075,401,12496,12084,11588,706
"72-05",86919,70796,1589,457,521,448,103,3145,19993,3548,462,14582,14316,10906,726
"73-01",87005,70432,1250,439,319,673,108,4078,15399,3553,892,15293,16344,11441,643
"73-02",75950,59510,1114,445,289,629,110,3535,13975,2644,840,12774,11962,10487,706
"73-03",72640,58446,996,453,334,579,111,3270,10723,3168,733,13915,13132,10387,645
"73-04",74661,59101,866,367,277,727,101,2790,10718,4387,687,10466,14433,12698,584
"74-01",100824,82488,1477,525,356,866,173,4986,20336,4301,867,14197,21617,12040,747
"74-02",95027,76758,1297,474,313,933,135,4338,18937,4425,846,12175,19805,12397,683
"74-03",82253,65847,1305,415,317,708,141,4409,14617,3411,729,14223,14012,10827,733
"74-04",86717,64033,1106,358,296,985,141,3353,15528,3459,613,11680,15174,10650,690
"74-05",96156,74183,1419,460,396,954,132,4209,19098,3647,806,13893,16524,11878,767
"74-06",79054,60455,1122,319,241,575,105,3489,16534,2562,788,11750,13042,9285,643
"75-01",80756,69528,556,155,104,419,68,832,23670,5223,315,2666,26972,8285,263
"75-02",71736,62434,492,186,97,352,68,806,23058,4494,331,2359,22824,7105,262
"75-03",68669,57234,613,208,153,471,90,1059,12988,5808,277,2986,20793,11402,386
"75-04",69718,59710,401,142,55,266,51,770,32193,2096,229,2455,16987,3950,115
"75-05",75853,64068,580,237,172,431,67,760,10718,8306,284,2432,25205,14474,402
"75-06",76611,63699,686,261,215,474,80,890,8607,9139,295,2861,21475,18164,552
"75-07",76041,65009,610,225,163,426,74,917,12341,7677,324,2655,25949,13231,417
"75-08",82156,68643,780,312,217,560,122,1597,14350,7627,412,4211,23569,14422,464
"75-09",68343,56640,718,329,223,570,111,1212,9593,6539,347,3703,19087,13698,510
"75-10",67293,55608,632,272,202,563,94,1244,10156,6447,330,3649,18896,12716,407
"75-11",70966,61208,543,188,157,443,92,917,16145,6338,304,2502,23464,9765,350
"75-12",73940,63774,542,225,115,425,73,1078,24267,4209,331,2842,22532,6893,242
"75-13",75350,63520,622,250,150,532,82,1424,19512,5162,364,3666,22370,9044,342
"75-14",72316,61919,339,180,53,297,50,879,34999,1953,194,2556,16742,3559,118
"75-15",76216,61502,714,298,240,612,100,1203,8163,8257,337,3733,18721,18514,610
"75-16",70283,55878,631,279,249,510,74,909,8860,7263,284,3136,16446,16776,461
"75-17",58153,44769,563,311,179,519,72,706,5964,5725,222,2682,12374,14996,456
"75-18",67237,56294,605,195,153,465,104,794,9160,7287,310,2625,20600,13554,442
"76-01",65496,51006,772,254,213,416,80,1537,10819,4448,271,5993,13936,11768,499
"76-02",94778,78572,1356,393,413,585,137,4016,17687,4365,473,16360,19169,12903,715
"76-03",69575,53599,1022,315,429,508,97,1904,5237,4486,267,10954,11208,16386,786
"76-04",88340,68900,1463,456,585,671,116,2882,7324,5309,398,17424,13969,17315,988
"76-05",96251,78197,1502,480,681,565,165,4016,11544,4667,510,21230,16154,15626,1057
"76-06",109605,88167,1756,556,813,510,164,4455,16305,3551,616,26900,15772,15797,972
"76-07",87582,68594,1627,131,359,455,117,2996,13315,3906,454,12917,15760,15895,662
"76-08",67636,48656,1296,41,327,409,89,1799,4988,2740,232,11245,8427,16514,549
"76-09",93651,77721,1531,502,703,512,134,4445,13162,3807,558,21642,14077,15634,1014
"76-10",108744,90952,1760,625,833,574,179,4986,17955,4237,604,26280,17284,14556,1079
"77-01",70891,53605,929,345,295,617,96,3112,10784,2910,397,10356,12598,10671,495
"77-02",79697,63932,981,382,356,665,127,3582,14645,3518,495,13232,14689,10680,580
"77-03",75449,60551,1169,322,320,704,98,3767,9983,3483,445,15273,12042,12390,555
"77-04",87907,70574,1321,496,435,656,132,4415,12780,2956,608,22480,11888,11727,680
"77-05",84928,68150,1240,461,367,801,136,4348,12464,3130,562,17511,14272,12264,594
"77-06",78045,61843,1163,460,353,690,99,3723,9399,3142,461,16584,12504,12682,583
"77-07",85317,68341,1238,423,360,864,118,3852,11177,3480,454,16232,14820,14754,569
"77-08",89117,71428,1317,425,313,796,132,3791,12939,4527,518,11528,19772,14748,622
"77-09",85704,67397,1192,346,349,763,122,4846,11770,3723,466,13905,16269,13077,569
"77-10",79711,61763,1165,452,311,932,107,2799,9138,4438,438,9539,16168,15702,574
"77-11",64792,50672,1359,177,247,709,80,3293,5966,3475,341,8969,12351,13172,533
"78-01",83366,69321,823,275,181,699,114,2355,22242,5332,432,6109,20452,9912,395
"78-02",85323,72476,897,298,209,651,144,3028,21371,4627,546,7546,23015,9737,407
"78-03",83492,68964,716,279,174,479,98,2293,26525,3738,416,6157,20029,7693,367
"78-04",78395,65356,800,280,178,575,96,2439,19504,4159,405,5985,21680,8900,355
"78-05",73673,59389,703,264,184,543,100,1988,18103,3577,337,5744,18526,8946,374
"78-06",75762,60130,773,281,188,597,105,2106,18440,3420,398,6195,18244,8988,395
"78-07",80529,64416,1007,334,306,700,108,3113,13663,4552,528,9850,17945,11761,549
"78-08",73760,55831,1058,418,337,858,116,2613,7901,3514,406,11838,11864,14322,586
"78-09",90878,73571,1288,485,421,927,135,4074,15352,4209,559,15110,16860,13519,632
"78-10",88776,74843,1039,370,282,780,147,3892,19875,5058,597,10322,20483,11482,516
"78-11",68238,53079,860,349,197,685,95,2303,9846,6622,363,6272,13794,11276,417
"78-12",68956,56287,877,263,215,653,100,2702,14013,3756,384,6896,16169,9804,455
"79-01",90254,72684,1361,801,510,520,118,3261,12055,5983,780,9862,21366,15069,998
"79-02",97398,79384,1678,874,780,535,157,4050,13068,5464,1058,15235,19434,15714,1337
"79-03",84752,69375,1592,739,579,423,118,4045,15072,3503,761,13543,17026,10826,1148
"80-01",84262,65043,1238,602,605,468,98,2662,8525,3281,434,18207,14488,13702,733
"80-02",75497,59835,941,362,420,511,110,2429,10276,3594,361,11051,16973,12221,586
"80-03",83829,68974,1429,722,710,353,141,3565,11828,2432,571,22271,12664,11551,737
"80-04",83987,69382,1290,602,677,500,142,3703,11148,2697,522,22234,14057,11024,786
"80-05",81439,65291,1226,477,699,440,88,3103,10057,2256,477,23318,11338,10993,819
"81-01",83803,68919,1203,814,364,469,124,3284,12963,4338,2221,14582,15363,12496,698
"81-02",106030,87484,1488,1030,546,670,162,4065,12974,6343,2340,18522,18766,19522,1056
"81-03",101361,84284,1605,790,487,683,153,4091,15115,4849,2544,19298,17626,16076,967
"82-01",89968,73907,1241,613,384,650,129,3441,13650,4503,1679,17463,15510,13924,720
"82-02",93382,76812,1310,754,446,687,137,3792,12342,4064,1981,21720,14809,13917,853
"83-01",74822,55392,849,270,204,598,96,2308,14139,2327,606,13813,10631,9140,411
"83-02",90494,70261,1305,367,284,587,107,3512,14184,2577,880,21476,12615,11838,529
"83-03",100795,80778,1304,419,279,740,128,3723,20910,2936,959,21927,15044,11851,558
"83-04",106247,83937,1213,487,293,805,142,3804,23988,2257,907,25768,12945,10699,629
"83-05",96198,76015,981,448,250,728,97,3522,22240,2039,619,23067,12697,8866,461
"83-06",118396,95178,1584,545,333,832,141,4800,19203,3325,1170,30956,16156,15415,718
"83-07",103518,80258,1288,400,289,646,131,3485,20243,2650,813,22451,14523,12796,543
"83-08",104307,83851,1334,438,342,924,135,4023,17409,2978,979,26918,13986,13579,806
"84-01",72960,55155,832,371,238,605,113,1880,8876,3117,532,13132,10941,14033,485
"84-02",83274,67528,1139,392,256,517,104,3163,13315,2847,881,19885,12596,11902,531
"84-03",75536,60963,1047,342,283,495,100,2934,10919,2161,726,21066,9656,10738,496
"84-04",88654,71870,1431,418,336,640,127,3538,13643,2436,1015,23642,12057,11935,652
"84-05",81710,66033,1140,392,277,631,99,2912,12793,2971,832,18212,12885,12248,641
"85-01",109552,92446,1710,1052,710,585,167,5141,21039,5026,749,16081,24770,14245,1171
"85-02",103486,86888,1689,889,635,563,140,4726,19600,4758,794,15676,22695,13688,1035
"85-03",122127,100087,1587,894,642,662,128,5599,27797,4244,881,19531,23726,13437,959
"85-04",97841,84741,2044,845,759,494,164,4996,22849,3908,701,12411,22801,11591,1178
"85-05",81455,67412,1250,785,548,401,97,3749,15519,3420,685,13891,15997,10194,876
"86-01",79610,63693,1227,513,488,501,133,2858,9974,5088,726,10387,16918,13932,948
"86-02",77533,63040,1141,437,417,456,123,2877,11222,5318,652,8277,17506,13769,845
"86-03",74137,59847,1316,751,639,483,146,3172,11058,3437,836,13124,13032,10839,1014
"86-04",75734,58307,1057,697,530,456,158,3013,10449,3018,647,15236,11690,10521,835
"87-01",85076,68242,1358,906,559,470,141,2755,9628,5484,1034,11673,17895,15406,933
"87-02",97847,80324,1671,1124,700,559,155,3555,12965,5487,1383,14289,20154,17149,1133
"87-03",83399,67136,1449,780,591,528,144,2975,9928,5165,1101,11975,17528,13994,978
"88-01",77066,60823,1191,516,466,561,104,3515,11024,3261,641,15944,12582,10270,748
"88-02",73276,57939,1196,535,529,623,100,3353,9042,2754,639,18607,10574,9183,804
"88-03",65636,53446,1283,444,513,584,129,3667,9959,2517,799,13562,10463,8649,877
"88-04",66634,54011,1050,502,496,455,122,3788,9554,2355,671,15811,9985,8422,800
"89-01",76975,61065,1149,357,407,629,119,3779,12414,3243,736,14870,12950,9772,640
"89-02",75754,59367,1081,421,472,477,107,3683,11032,2644,636,16906,11245,9938,725
"89-03",89189,68747,1174,444,501,669,115,4206,13293,2959,615,20864,12039,11105,763
"90-01",47817,36902,716,329,256,454,83,1971,6547,1985,325,10171,7220,6421,424
"90-02",47523,36830,684,429,336,487,84,1799,6121,2204,343,9078,7552,7251,462
"91-01",71168,52662,1067,465,327,787,103,2531,6429,3710,369,8159,12905,15182,628
"91-02",90695,73950,1311,495,404,805,145,5047,13781,3623,583,17574,15783,13730,669
"91-03",95774,79049,1305,560,372,848,153,4980,14313,5058,655,15201,19088,15793,723
"91-04",96472,80538,1309,440,340,894,151,5156,16048,5108,630,13375,21973,14394,720
"91-05",68257,56996,736,250,185,555,130,2077,13481,4478,400,4434,19213,10670,387
"91-06",81929,65706,949,366,280,827,149,3077,11539,5414,437,8227,19262,14645,534
"91-07",74142,57305,915,394,278,768,98,3384,9614,4012,441,9656,14134,13101,510
"91-08",76390,61222,827,288,190,653,89,11222,9007,3695,264,7790,14360,12394,443
"91-09",79226,63217,992,398,283,756,122,4869,11433,3946,379,10292,15496,13700,551
"91-10",61174,47142,829,409,265,621,101,2449,6829,3028,310,7753,11175,12783,590
"92-01",62383,46354,1198,223,245,946,76,1081,5087,3691,267,5176,10641,17266,457
"92-02",67876,56215,858,240,181,560,96,1316,14990,4388,323,3795,18749,10355,364
"92-03",81028,66839,1224,53,153,651,104,1919,20907,4345,362,4771,22775,9227,348
"92-04",76065,61068,1148,256,232,868,120,1702,11743,4616,351,5699,18044,15799,490
"92-05",70269,58598,695,314,176,668,103,1357,17572,4035,309,4231,18001,10756,381
"92-06",74221,63728,693,215,125,465,79,1273,29530,2681,300,4062,17645,6369,291
"92-07",86563,72662,861,232,177,591,133,2002,26562,3913,470,5189,23749,8452,331
"92-08",68737,58056,772,120,152,557,80,1520,18797,3909,375,3837,19423,8192,322
"92-09",68013,54673,749,0,68,383,65,1027,23748,2601,255,2633,17616,5346,182
"92-10",80592,65342,1133,88,161,656,107,1675,16504,5612,374,4256,23290,11119,367
"92-11",69206,56339,816,309,272,623,88,1504,8775,5582,364,4784,17261,15421,540
"92-12",92760,76062,1047,426,305,790,150,2726,17930,6069,517,7106,24289,14156,551
"92-13",89017,74079,1495,92,200,695,144,2257,19408,5672,480,5192,25204,12831,409
"93-01",61738,42825,632,383,275,728,91,918,4327,4094,211,4065,10541,16059,501
"93-02",54054,35854,659,428,262,638,81,647,2680,3182,171,3927,7671,15006,502
"93-03",72227,57056,985,415,286,736,103,2458,9108,4208,383,7867,15867,14077,563
"93-04",60819,42520,1109,318,257,711,86,1049,3855,3125,213,6208,8491,16620,478
"93-05",63728,44032,899,456,289,741,87,1293,4757,2744,243,7009,9547,15468,499
"93-06",52564,37304,628,329,333,509,76,683,3706,3725,177,3806,8753,14219,360
"93-07",75887,56271,873,326,296,719,95,1010,4869,6428,299,4854,13631,22093,778
"93-08",60044,46589,1024,232,209,590,112,1977,8699,3251,326,7174,11568,11016,411
"93-09",70118,51972,951,314,328,705,106,1352,6608,5179,317,5705,12443,17417,547
"93-10",68564,49188,993,326,254,967,83,1792,7026,3730,284,6923,10976,15317,517
"93-11",62536,44591,757,536,252,874,89,1422,4666,2773,253,7049,9880,15543,497
"93-12",64023,47401,794,359,197,813,79,1982,8717,3049,282,8869,10663,11202,395
"94-01",84583,69044,1007,384,223,761,121,2944,18678,4587,459,6764,19932,12682,502
"94-02",63262,49110,969,413,380,785,96,1923,6635,3983,284,5763,12025,15346,508
"94-03",72042,56194,1083,350,235,761,89,4319,9069,3537,348,9230,12753,13915,505
"94-04",72443,58861,937,369,217,680,94,3270,12935,3476,391,8544,15991,11487,470
"94-05",89365,69474,1089,331,234,731,132,2666,16760,4546,473,7305,20338,14428,441
"94-06",81214,66773,811,285,196,531,118,1868,16763,5558,397,4653,22014,13133,446
"94-07",65531,50973,847,323,246,585,81,2383,8944,3955,326,6045,14778,11994,466
"94-08",76702,62989,933,351,258,632,106,2578,15901,4661,429,6562,18700,11473,405
"94-09",53598,40395,721,330,259,571,77,1404,5401,3851,253,5105,9699,12314,410
"94-10",64408,50154,762,370,266,725,89,1449,5670,4566,306,5055,12648,17655,593
"94-11",62392,47505,766,254,235,541,63,1448,6058,4508,291,4852,13324,14685,480
"95-01",81533,66323,1260,368,329,729,113,3500,12366,3805,548,14338,14996,13325,646
"95-02",76435,61294,1098,408,309,810,116,3291,11391,3943,477,11244,15082,12661,464
"95-03",91564,72707,1286,398,271,941,130,3815,13506,4608,550,12719,18833,15042,608
"95-04",76024,59445,1009,317,311,690,115,3014,11976,4058,456,8667,16365,11980,487
"95-05",68513,50559,954,343,354,828,83,1599,5934,3893,314,7434,11810,16515,498
"95-06",76338,58615,862,314,230,742,81,2175,13267,3891,431,7657,16214,12300,451
"95-07",69534,53831,897,338,231,654,91,2134,12842,3303,350,8029,13183,11365,414
"95-08",54205,37439,719,390,189,753,79,906,5598,2790,180,5390,7955,12079,411
"95-09",69895,51714,938,517,294,841,80,2278,7598,3232,369,11389,10846,12792,540
"95-10",66456,51010,1067,295,244,727,91,2119,6764,4065,305,7517,13709,13576,531
"ZA-01",76361,29148,1383,2140,539,285,109,425,3119,2530,169,3375,8351,6127,596
"ZA-02",86914,35335,1450,2798,497,384,65,585,4785,2622,147,4677,9110,7625,590
"ZA-03",83768,35015,1547,1680,450,397,83,599,4429,3059,188,4062,10075,7833,613
"ZA-04",69302,27153,1268,1892,494,253,70,433,4004,2977,154,3089,6456,5554,509
"ZB-01",79411,33199,2309,1938,665,374,116,629,5091,2679,214,3372,7104,7805,903
"ZB-02",81795,33832,2331,1773,629,332,104,597,5387,2613,240,3486,8046,7458,836
"ZB-03",65881,26410,1752,1184,460,319,82,446,3563,3108,193,2215,5924,6454,710
"ZB-04",83725,30516,1740,1450,503,382,72,668,4403,2273,224,2902,6877,8241,781
"ZC-01",53535,20753,2626,909,318,324,57,302,2584,979,166,4151,3152,4225,960
"ZC-02",38500,11172,1121,435,144,156,41,169,1350,549,107,2368,1879,2408,445
"ZD-01",80368,49555,1249,1156,507,851,101,1314,9114,3518,236,9864,11084,10052,509
"ZD-02",92748,51440,1767,1972,754,848,140,1293,7884,2642,281,9475,8709,15034,641
"ZD-03",92629,56106,2154,2462,911,1022,151,1821,7816,3314,319,14913,8184,12309,730
"ZD-04",104763,67062,1992,2600,847,1019,163,1734,12218,8476,325,13691,9154,14050,793
"ZD-05",83034,44502,1159,1563,809,650,100,1083,6770,2889,189,11480,7829,9474,507
"ZD-06",75685,42893,1122,1261,579,570,116,1151,6418,2473,235,10847,8131,9492,498
"ZD-07",110254,63694,2025,2291,783,1069,173,1727,10288,3560,354,11949,13201,15576,698
"ZM-01",37796,16567,459,730,148,218,80,450,3912,865,103,4056,3805,1450,291
"ZM-02",45249,19606,501,1014,188,193,86,580,7000,589,87,5074,2598,1358,338
"ZN-01",84944,42059,1248,384,335,1074,95,1301,13878,2522,350,10582,5792,4003,495
"ZN-02",104539,49167,1721,927,501,1024,145,1220,13187,5603,345,14708,5297,3700,789
"ZP-01",72514,30503,623,907,261,423,78,681,10471,894,184,9481,3983,2214,303
"ZP-02",66638,24195,565,582,227,334,64,486,7557,585,105,7908,3844,1702,236
"ZP-03",64784,24723,566,549,202,448,59,600,8655,724,158,7210,3301,2035,216
"ZS-01",4966,2728,70,26,28,36,9,79,261,217,54,478,473,933,64
"ZW-01",8464,5411,35,28,54,50,18,79,1526,1349,29,380,1630,192,41
"ZX-01",25385,8183,211,107,35,112,18,216,2518,247,68,1834,1572,1153,92
